<?xml version="1.0" encoding="utf-8" ?>
<data>
	<dispatcher>Дежурная служба МЧС. Чем Вам помочь?</dispatcher>
	
	<level num="1">
		<hint1>Выберите правильный вариант ответа.</hint1>
		<hint2>Перенесите правильный вариант ответа в ячейку, расположенную справа на экране.</hint2>
		<quest num="1">
			<descr>Тут оборванный электрический провод лежит на земле, вдруг он под напряжением, а рядом находится школа, скоро дети пойдут домой… Что делать?</descr>
			<opt c="1">Отойдите от провода на расстояние минимум 8 м, не подпускайте никого близко к проводу, ждите приезда специалистов.</opt>
			<opt c="0">Отойдите от провода на расстояние минимум 3 метра, не подпускайте никого близко к проводу, ждите приезда специалистов.</opt>
			<opt c="0">Подойдите к проводу и любым металлическим предметом проверьте, находится ли он под напряжением. Не разрешайте детям прикасаться к проводу.</opt>
			<opt c="0">Оставьте кого-нибудь возле провода, чтобы этот человек не разрешал другим подходить близко, а сами идите по своим делам.</opt>
		</quest>
		
		<quest num="2">
			<descr>Я нахожусь в лифте. Он застрял между этажами, дверь не открывается. И кнопка вызова диспетчера не работает. Что мне делать?</descr>
			<opt c="0">Попытайтесь силой открыть дверь.</opt>
			<opt c="1">Кричите, стучите по кабине лифта, чтобы привлечь внимание жильцов.</opt>
			<opt c="0">Нажимайте на все кнопки подряд.</opt>
			<opt c="0">Прыгайте, чтобы прыжками привести лифт в движение.</opt>
		</quest>
		
		<quest num="3">
			<descr>На автобусной остановке на скамейке лежит черный пакет. Я стою уже 40 минут тут, жду свой автобус, за это время хозяин пакета так и не объявился. А вдруг там бомба?</descr>
			<preopt>К Вам уже выезжают специалисты, а пока…</preopt>
			<opt c="0">Подойдите и убедитесь, что предмет является действительно опасными для жизни и здоровья людей.</opt>
			<opt c="0">Не подходите близко к опасному предмету.</opt>
			<opt c="1">Не подходите близко к опасному предмету сами и не подпускайте к нему других людей.</opt>
			<opt c="0">Попытайтесь найти владельца данного предмета.</opt>
		</quest>
		
		<quest num="4">
			<descr>По радио объявили, что может произойти извержение вулкана, а я живу относительно недалеко от него. Что мне делать?</descr>
			<opt c="0">Срочно покиньте опасную территорию.</opt>
			<opt c="1">Покиньте опасную территорию, взяв с собой документы и предметы первой необходимости.</opt>
			<opt c="0">Закройте окна, двери, вентиляционные люки и оставайтесь дома до получения сигнала о возможности выхода на улицу.</opt>
			<opt c="0">Спуститесь на первый этаж или в подвал здания и ждите там сигнала о прекращении опасности.</opt>
		</quest>
		
		<quest num="5">
			<descr>Мой друг сильно ударился затылком, у него течет кровь. Я принес аптечку, знаю, что надо наложить повязку, а какую не помню.</descr>
			<opt c="0">Спиральную.</opt>
			<opt c="1">Крестообразную.</opt>
			<opt c="0">Циркулярную.</opt>
			<opt c="0">Круговую.</opt>
			<opt c="0">Колосовидную.</opt>
		</quest>
		
		<quest num="6">
			<descr>Мы рыбачили. Друг пошел делать новую лунку, а лед не выдержал, и он провалился… только что. Он сейчас находится в воде. Если я подойду к нему близко, то тоже провалюсь. Как мне его вытащить оттуда?</descr>
			<opt c="0">Обвяжите себя веревкой, другой конец которой надежно привяжите к чему-то прочному и зафиксированному. Не бойтесь, подходите к тонущему и вытаскивайте его из воды.</opt>
			<opt c="0">Доползите ползком до тонущего человека и помогите ему выбраться.</opt>
			<opt c="1">Не подходите к тонущему близко, а подайте ему какой-нибудь длинный предмет – удочку, конец веревки и др. Осторожно вытаскивайте его из воды.</opt>
			<opt c="0">Бегите в ближайший населенный пункт за помощью.</opt>
		</quest>
		
		<quest num="7">
			<descr>Я разбила дома градусник. По всем правилам собрала осколки и кусочки ртути в стеклянную банку с холодной водой, плотно закрыла банку крышкой. Что мне делать теперь с этой банкой?</descr>
			<opt c="0">Выбросите ее в мусоропровод.</opt>
			<opt c="0">Отвезите банку на ближайшую свалку бытовых отходов.</opt>
			<opt c="0">Можете оставить банку с ртутью себе на память.</opt>
			<opt c="1">Сдайте банку в ближайшее подразделение МЧС.</opt>
		</quest>
		
	</level>
	
	<level num="2">
		<hint1>Выберите правильные варианты ответов.</hint1>
		<hint2>Перенесите правильные варианты ответа в ячейки, расположенные справа на экране.</hint2>
		
		<quest num="1">
			<descr>Возможно у моего сына солнечный удар. Они с отцом слишком много времени провели на пляже в такую жару. Но я точно не уверена. По каким признакам можно это определить?</descr>
			<opt c="1">Головокружение.</opt>
			<opt c="1">Тошнота.</opt>
			<opt c="0">Жар во всем теле.</opt>
			<opt c="1">Холодный пот.</opt>
			<opt c="1">Упадок сил.</opt>
			<opt c="0">Повышенная активность.</opt>
			<opt c="1">Покраснение лица.</opt>
			<opt c="0">Сухой кашель.</opt>
		</quest>
		
		<quest num="2">
			<descr>По телевизору только что объявили, что нужно срочно собрать необходимые вещи и идти на пункт эвакуации. А что за вещи, не сказали. Расскажите, что мне нужно взять с собой?</descr>
			<opt c="0">Ценные (дорогостоящие) вещи.</opt>
			<opt c="1">Теплую одежду.</opt>
			<opt c="0">Все лекарственные средства и препараты, которые есть в доме.</opt>
			<opt c="1">Самые необходимые лекарства.</opt>
			<opt c="1">Личные документы.</opt>
			<opt c="0">Недельный запас воды и продуктов питания.</opt>
			<opt c="1">Запас воды и продуктов питания на 2-3 суток.</opt>
		</quest>
		
		<quest num="3">
			<descr>По телевизору только что объявили о приближении урагана, а потом телевизор перестал работать, и я не услышала, что нужно делать. Подскажите мне, пожалуйста.</descr>
			<opt c="0">Выключите все электроприборы и радио в целях безопасности.</opt>
			<opt c="1">Включите радио и телевизор для получения дополнительной информации.</opt>
			<opt c="0">Загерметизируйте запас еды и воды на 2-3 дня.</opt>
			<opt c="1">Подготовьте запас еды и воды на 2-3 дня.</opt>
			<opt c="1">Выберите месторасположение у капитальных стен внутри здания, где нужно будет находиться во время урагана.</opt>
			<opt c="0">Стойте во время урагана около входной двери, чтобы можно было быстро покинуть помещение.</opt>
		</quest>
		
		<quest num="4">
			<descr>На улице лежит женщина, в нее только что у меня на глазах попала молния. Скорую уже вызвали. Может нужно что-то сделать еще, чтобы ей помочь?</descr>
			<opt c="1">Приподнимите ей ноги на 15-30 см.</opt>
			<opt c="0">Приподнимите ей голову на 15-30 см.</opt>
			<opt c="0">Освободите ей шею от сдавливающей одежды, чтобы обеспечить приток воздуха.</opt>
			<opt c="1">Обеспечьте пострадавшей тепло – укутайте шарфом, накройте пальто, теплой кофтой и т.д.</opt>
			<opt c="0">Давать пить много жидкости.</opt>
		</quest>
		
	</level>
	
	<level num="3">
		<hint1>Расположите действия в правильной последовательности.</hint1>
		<hint2>Перенесите варианты ответов в ячейки, расположенные справа на экране, в правильной последовательности.</hint2>
		<quest num="1">
			<descr>Я решила погладить белье, чтобы, когда мама пришла с работы, у нее было время почитать со мной книжку, и нечаянно провела утюгом себе по руке. Теперь рука очень болит, она вся красная и даже пузырьки появились. Мне очень больно, что мне делать?</descr>
			<opt c="2">Замотай обожженное место чистым бинтом или любой чистой сухой тканью, платком.</opt>
			<opt c="3">Позвони родителям и расскажи о случившемся.</opt>
			<opt c="1">Приложи лед или помести обожженную часть руки под слабую струю холодной воды на 15-30 минут.</opt>
		</quest>
		
		<quest num="2">
			<descr>У сына переохлаждение, почти четыре часа гулял с друзьями на морозе. Что нам делать?</descr>
			<opt c="3">Напоите ребенка теплым чаем или накормите жидкой теплой кашей.</opt>
			<opt c="2">Обложите ребенка теплыми грелками.</opt>
			<opt c="1">Переоденьте ребенка в теплую сухую одежду.</opt>
		</quest>
		
	</level>
	
</data>